t_ms,magnitude,coherence,score,fraction,peak_2s,gesture
1788375057457,0.0000,0.0000,0.0000,0.0000,0.0000,default
1788375057531,0.0780,0.0000,0.0000,0.0000,0.0000,default
1788375057565,0.0807,0.0000,0.0000,0.0000,0.0000,default
1788375057598,0.0717,0.0000,0.0000,0.0000,0.0000,default
1788375057630,0.0782,0.0000,0.0000,0.0000,0.0000,default
1788375057663,0.0551,0.0000,0.0000,0.0000,0.0000,default
1788375057695,0.1126,0.0000,0.0000,0.0000,0.0000,default
1788375057729,0.1810,0.0000,0.0000,0.0000,0.0000,default
1788375057762,0.0730,0.0000,0.0000,0.0000,0.0000,default
1788375057796,0.0903,0.0000,0.0000,0.0000,0.0000,default
1788375057830,0.0664,0.0000,0.0000,0.0000,0.0000,default
1788375057865,0.0873,0.0000,0.0000,0.0000,0.0000,default
1788375057900,0.0904,0.0000,0.0000,0.0000,0.0000,default
1788375057932,0.1076,0.0000,0.0000,0.0000,0.0000,default
1788375057965,0.1064,0.0000,0.0000,0.0000,0.0000,default
1788375057997,0.1024,0.0000,0.0000,0.0000,0.0000,default
1788375058029,0.0931,0.0000,0.0000,0.0000,0.0000,default
1788375058069,0.0723,0.0000,0.0000,0.0000,0.0000,default
1788375058107,0.0786,0.0000,0.0000,0.0000,0.0000,default
1788375058141,0.0968,0.0000,0.0000,0.0000,0.0000,default
1788375058179,0.0788,0.0000,0.0000,0.0000,0.0000,default
1788375058217,0.0936,0.0000,0.0000,0.0000,0.0000,default
1788375058253,0.1027,0.0000,0.0000,0.0000,0.0000,default
1788375058284,0.1359,0.0000,0.0000,0.0000,0.0000,default
1788375058319,0.1827,0.0000,0.0000,0.0000,0.0000,default
1788375058362,0.3132,0.8382,0.2625,0.0000,0.2625,default
1788375058411,0.5373,0.8846,0.4753,0.0000,0.4753,default
1788375058477,0.1253,0.0000,0.0000,0.0000,0.4753,default
1788375058527,0.0984,0.0000,0.0000,0.0000,0.4753,default
1788375058573,0.0734,0.0000,0.0000,0.0000,0.4753,default
1788375058623,0.1991,0.0000,0.0000,0.0000,0.4753,default
1788375058684,0.0844,0.0000,0.0000,0.0000,0.4753,default
1788375058728,0.0471,0.0000,0.0000,0.0000,0.4753,default
1788375058773,0.0449,0.0000,0.0000,0.0000,0.4753,default
1788375058848,0.0452,0.0000,0.0000,0.0000,0.4753,oneFingerUp
1788375058895,0.0856,0.0000,0.0000,0.0000,0.4753,oneFingerUp
1788375058939,0.0370,0.0000,0.0000,0.0000,0.4753,oneFingerUp
1788375058990,0.0329,0.0000,0.0000,0.0000,0.4753,oneFingerUp
1788375059034,0.0329,0.0000,0.0000,0.0000,0.4753,oneFingerUp
1788375059087,0.0334,0.0000,0.0000,0.0000,0.4753,oneFingerUp
1788375059139,0.0447,0.0000,0.0000,0.0000,0.4753,oneFingerUp
1788375059183,0.0256,0.0000,0.0000,0.0000,0.4753,oneFingerUp
1788375059237,0.0244,0.0000,0.0000,0.0000,0.4753,oneFingerUp
1788375059289,0.0346,0.0000,0.0000,0.0000,0.4753,oneFingerUp
1788375059338,0.0182,0.0000,0.0000,0.0000,0.4753,oneFingerUp
1788375059387,0.0189,0.0000,0.0000,0.0000,0.4753,oneFingerUp
1788375059432,0.0207,0.0000,0.0000,0.0000,0.4753,oneFingerUp
1788375059474,0.0229,0.0000,0.0000,0.0000,0.4753,oneFingerUp
1788375059522,0.0270,0.0000,0.0000,0.0000,0.4753,oneFingerUp
1788375059565,0.0228,0.0000,0.0000,0.0000,0.4753,oneFingerUp
1788375059609,0.0688,0.0000,0.0000,0.0000,0.4753,oneFingerUp
1788375059658,0.0288,0.0000,0.0000,0.0000,0.4753,oneFingerUp
1788375059709,0.0262,0.0000,0.0000,0.0000,0.4753,oneFingerUp
1788375059753,0.0272,0.0000,0.0000,0.0000,0.4753,oneFingerUp
1788375059797,0.0280,0.0000,0.0000,0.0000,0.4753,oneFingerUp
1788375059844,0.0230,0.0000,0.0000,0.0000,0.4753,oneFingerUp
1788375059893,0.0339,0.0000,0.0000,0.0000,0.4753,oneFingerUp
1788375059937,0.0849,0.0000,0.0000,0.0000,0.4753,oneFingerUp
1788375059982,0.0443,0.0000,0.0000,0.0000,0.4753,oneFingerUp
1788375060028,0.0552,0.0000,0.0000,0.0000,0.4753,oneFingerUp
1788375060073,0.0675,0.0000,0.0000,0.0000,0.4753,oneFingerUp
1788375060114,0.0637,0.0000,0.0000,0.0000,0.4753,oneFingerUp
1788375060160,0.0574,0.0000,0.0000,0.0000,0.4753,oneFingerUp
1788375060208,0.0380,0.0000,0.0000,0.0000,0.4753,oneFingerUp
1788375060258,0.0342,0.0000,0.0000,0.0000,0.4753,oneFingerUp
1788375060306,0.1225,0.0000,0.0000,0.0000,0.4753,oneFingerUp
1788375060354,0.0458,0.0000,0.0000,0.0000,0.4753,oneFingerUp
1788375060399,0.0387,0.0000,0.0000,0.0000,0.4753,oneFingerUp
1788375060444,0.0405,0.0000,0.0000,0.0000,0.0000,oneFingerUp
1788375060488,0.0344,0.0000,0.0000,0.0000,0.0000,oneFingerUp
1788375060536,0.0402,0.0000,0.0000,0.0000,0.0000,oneFingerUp
1788375060591,0.0607,0.0000,0.0000,0.0000,0.0000,oneFingerUp
1788375060642,0.0349,0.0000,0.0000,0.0000,0.0000,oneFingerUp
1788375060692,0.0607,0.0000,0.0000,0.0000,0.0000,oneFingerUp
1788375060744,0.0413,0.0000,0.0000,0.0000,0.0000,oneFingerUp
1788375060789,0.0408,0.0000,0.0000,0.0000,0.0000,oneFingerUp
1788375060835,0.0441,0.0000,0.0000,0.0000,0.0000,oneFingerUp
1788375060884,0.0007,0.0000,0.0000,0.0000,0.0000,oneFingerUp
1788375060928,0.0761,0.0000,0.0000,0.0000,0.0000,oneFingerUp
1788375060973,0.0274,0.0000,0.0000,0.0000,0.0000,oneFingerUp
1788375061019,0.0233,0.0000,0.0000,0.0000,0.0000,handCoverFace
1788375061065,0.0250,0.0000,0.0000,0.0000,0.0000,handCoverFace
1788375061111,0.0259,0.0000,0.0000,0.0000,0.0000,handCoverFace
1788375061157,0.0171,0.0000,0.0000,0.0000,0.0000,handCoverFace
1788375061205,0.0146,0.0000,0.0000,0.0000,0.0000,handCoverFace
1788375061249,0.0158,0.0000,0.0000,0.0000,0.0000,handCoverFace
1788375061295,0.0150,0.0000,0.0000,0.0000,0.0000,handCoverFace
1788375061341,0.0296,0.0000,0.0000,0.0000,0.0000,handCoverFace
1788375061384,0.0187,0.0000,0.0000,0.0000,0.0000,handCoverFace
1788375061426,0.0186,0.0000,0.0000,0.0000,0.0000,handCoverFace
1788375061475,0.0007,0.0000,0.0000,0.0000,0.0000,handCoverFace
1788375061518,0.0293,0.0000,0.0000,0.0000,0.0000,handCoverFace
1788375061561,0.0199,0.0000,0.0000,0.0000,0.0000,handCoverFace
1788375061606,0.0181,0.0000,0.0000,0.0000,0.0000,handCoverFace
1788375061650,0.0183,0.0000,0.0000,0.0000,0.0000,handCoverFace
1788375061695,0.0165,0.0000,0.0000,0.0000,0.0000,handCoverFace
1788375061741,0.0322,0.0000,0.0000,0.0000,0.0000,handCoverFace
1788375061788,0.0222,0.0000,0.0000,0.0000,0.0000,handCoverFace
1788375061849,0.0248,0.0000,0.0000,0.0000,0.0000,handCoverFace
1788375061891,0.0307,0.0000,0.0000,0.0000,0.0000,handCoverFace
1788375061935,0.0438,0.0000,0.0000,0.0000,0.0000,handCoverFace
1788375061981,0.0561,0.0000,0.0000,0.0000,0.0000,handCoverFace
1788375062029,0.0790,0.0000,0.0000,0.0000,0.0000,handCoverFace
1788375062076,0.4460,0.8737,0.3897,0.0000,0.3897,handCoverFace
1788375062130,0.2333,0.0000,0.0000,0.0000,0.3897,handCoverFace
1788375062176,0.1569,0.0000,0.0000,0.0000,0.3897,handCoverFace
1788375062221,0.1190,0.0000,0.0000,0.0000,0.3897,handCoverFace
1788375062262,0.0627,0.0000,0.0000,0.0000,0.3897,handCoverFace
1788375062306,0.0625,0.0000,0.0000,0.0000,0.3897,handCoverFace
1788375062363,0.0559,0.0000,0.0000,0.0000,0.3897,handCoverFace
1788375062413,0.2148,0.8884,0.1908,0.0000,0.3897,default
1788375062457,0.0679,0.0000,0.0000,0.0000,0.3897,default
1788375062500,0.0584,0.0000,0.0000,0.0000,0.3897,default
1788375062543,0.0457,0.0000,0.0000,0.0000,0.3897,default
1788375062577,0.0421,0.0000,0.0000,0.0000,0.3897,default
1788375062610,0.0433,0.0000,0.0000,0.0000,0.3897,default
1788375062643,0.0367,0.0000,0.0000,0.0000,0.3897,default
1788375062691,0.0340,0.0000,0.0000,0.0000,0.3897,default
1788375062724,0.0394,0.0000,0.0000,0.0000,0.3897,default
1788375062765,0.0018,0.0000,0.0000,0.0000,0.3897,default
1788375062798,0.0264,0.0000,0.0000,0.0000,0.3897,default
1788375062837,0.0264,0.0000,0.0000,0.0000,0.3897,default
1788375062872,0.0175,0.0000,0.0000,0.0000,0.3897,default
1788375062920,0.0173,0.0000,0.0000,0.0000,0.3897,default
1788375062968,0.0289,0.0000,0.0000,0.0000,0.3897,default
1788375063011,0.0217,0.0000,0.0000,0.0000,0.3897,default
1788375063053,0.0208,0.0000,0.0000,0.0000,0.3897,default
1788375063100,0.0503,0.0000,0.0000,0.0000,0.3897,default
1788375063135,0.0410,0.0000,0.0000,0.0000,0.3897,default
1788375063171,0.0485,0.0000,0.0000,0.0000,0.3897,default
1788375063204,0.0696,0.0000,0.0000,0.0000,0.3897,default
1788375063239,0.1464,0.0000,0.0000,0.0000,0.3897,default
1788375063276,0.2914,0.0000,0.0000,0.0000,0.3897,default
1788375063322,0.3668,0.0000,0.0000,0.0000,0.3897,default
1788375063370,0.3878,0.8453,0.3278,0.0000,0.3897,default
1788375063414,0.4170,0.9375,0.3909,0.0000,0.3909,default
1788375063458,0.0012,0.0000,0.0000,0.0000,0.3909,default
1788375063502,0.2948,0.9348,0.2756,0.0000,0.3909,default
1788375063547,0.5290,0.8227,0.4352,0.0000,0.4352,default
1788375063600,0.1008,0.0000,0.0000,0.0000,0.4352,default
1788375063643,0.0911,0.0000,0.0000,0.0000,0.4352,default
1788375063686,0.0429,0.0000,0.0000,0.0000,0.4352,default
1788375063735,0.0277,0.0000,0.0000,0.0000,0.4352,handCoverFace
1788375063777,0.0226,0.0000,0.0000,0.0000,0.4352,handCoverFace
1788375063820,0.0203,0.0000,0.0000,0.0000,0.4352,handCoverFace
1788375063863,0.0191,0.0000,0.0000,0.0000,0.4352,handCoverFace
1788375063906,0.0301,0.0000,0.0000,0.0000,0.4352,handCoverFace
1788375063955,0.0153,0.0000,0.0000,0.0000,0.4352,handCoverFace
1788375063998,0.0125,0.0000,0.0000,0.0000,0.4352,handCoverFace
1788375064042,0.0139,0.0000,0.0000,0.0000,0.4352,handCoverFace
1788375064096,0.0119,0.0000,0.0000,0.0000,0.4352,handCoverFace
1788375064145,0.0111,0.0000,0.0000,0.0000,0.4352,handCoverFace
1788375064189,0.0102,0.0000,0.0000,0.0000,0.4352,handCoverFace
1788375064236,0.0113,0.0000,0.0000,0.0000,0.4352,handCoverFace
1788375064278,0.0315,0.0000,0.0000,0.0000,0.4352,handCoverFace
1788375064322,0.0555,0.0000,0.0000,0.0000,0.4352,handCoverFace
1788375064365,0.0759,0.0000,0.0000,0.0000,0.4352,handCoverFace
1788375064408,0.0862,0.0000,0.0000,0.0000,0.4352,handCoverFace
1788375064454,0.0893,0.0000,0.0000,0.0000,0.4352,handCoverFace
1788375064496,0.1282,0.0000,0.0000,0.0000,0.4352,handCoverFace
1788375064538,0.1568,0.0000,0.0000,0.0000,0.4352,handCoverFace
1788375064580,0.2094,0.0000,0.0000,0.0000,0.4352,handCoverFace
1788375064633,0.1572,0.0000,0.0000,0.0000,0.4352,handCoverFace
1788375064691,0.2591,0.7464,0.1934,0.0000,0.4352,handCoverFace
1788375064739,0.0400,0.0000,0.0000,0.0000,0.4352,handCoverFace
1788375064779,0.0420,0.0000,0.0000,0.0000,0.4352,handCoverFace
1788375064819,0.0498,0.0000,0.0000,0.0000,0.4352,handCoverFace
1788375064852,0.0444,0.0000,0.0000,0.0000,0.4352,handCoverFace
1788375064891,0.0395,0.0000,0.0000,0.0000,0.4352,default
1788375064926,0.0309,0.0000,0.0000,0.0000,0.4352,default
1788375064966,0.0286,0.0000,0.0000,0.0000,0.4352,default
1788375065001,0.0177,0.0000,0.0000,0.0000,0.4352,default
